{
  "mortality": {
    "mean": 0.8188124216077771,
    "std": 0.00706558008300573,
    "ci_lo": 0.8049638846450858,
    "ci_hi": 0.8326609585704684,
    "values": [
      0.8204534705464713,
      0.820515141838485,
      0.8295282585102542,
      0.8085471801844213,
      0.8114494619124903,
      0.8233866976559423,
      0.8159753885455998,
      0.8279350103096403,
      0.8215086861051946,
      0.8088249204692725
    ],
    "feature_importance": {
      "egfr_igd": 0.1520259184066945,
      "ureum_igd": 0.1312197072171398,
      "lvot_vti_igd": 0.0984992629610615,
      "hb_igd": 0.07977859426806944,
      "kalium_igd": 0.07599016526591632,
      "aptt_value": 0.07363194419723153,
      "age_when_admission": 0.07048488396365951,
      "lvef": 0.0680959871349526,
      "sbp": 0.059115380705473355,
      "hr": 0.05873697587473826,
      "rr": 0.052281950819165764,
      "killip": 0.04502015427345256,
      "tapse_value": 0.035119074912444946
    }
  },
  "shock": {
    "mean": 0.7468516262921733,
    "std": 0.0053951799397934505,
    "ci_lo": 0.7362770736101781,
    "ci_hi": 0.7574261789741684,
    "values": [
      0.7445964583455359,
      0.7445582923616351,
      0.7404879691934174,
      0.7448178973106259,
      0.7449775003072159,
      0.738002793081152,
      0.7495385306234015,
      0.7538445200138277,
      0.7542469970357967,
      0.753445304649125
    ],
    "feature_importance": {
      "lvot_vti_igd": 0.1317224707221599,
      "sbp": 0.12751835692028132,
      "aptt_value": 0.08285282297124098,
      "lvef": 0.08053576218325897,
      "egfr_igd": 0.08052837588411314,
      "tapse_value": 0.07953921653946654,
      "hb_igd": 0.06994922301321874,
      "ureum_igd": 0.06854948174462708,
      "kalium_igd": 0.06738938852873584,
      "age_when_admission": 0.06202773700649044,
      "hr": 0.05582150554692438,
      "rr": 0.04935435957491624,
      "killip": 0.04421129936456644
    }
  },
  "composite": {
    "mean": 0.7690054381236109,
    "std": 0.004253809872084598,
    "ci_lo": 0.760667970774325,
    "ci_hi": 0.7773429054728968,
    "values": [
      0.7612579925866918,
      0.7626876152645765,
      0.7697194401097083,
      0.7725074733277315,
      0.7742970452255457,
      0.7646219576517491,
      0.7711380046633274,
      0.7713722368330114,
      0.7719358956171269,
      0.7705167199566405
    ],
    "feature_importance": {
      "lvot_vti_igd": 0.13444362724504724,
      "sbp": 0.11667116330216455,
      "egfr_igd": 0.11329511293201605,
      "ureum_igd": 0.0934866446077129,
      "aptt_value": 0.08494768858364869,
      "lvef": 0.07490493866392718,
      "hb_igd": 0.06928441701457498,
      "kalium_igd": 0.061792274311666846,
      "age_when_admission": 0.05772287770668859,
      "tapse_value": 0.05459164875036827,
      "rr": 0.051105538601749274,
      "hr": 0.0479845383831702,
      "killip": 0.03976952989726518
    }
  }
}