{
  "mortality": {
    "mean": 0.8188124216077771,
    "std": 0.00706558008300573,
    "ci_lo": 0.8049638846450858,
    "ci_hi": 0.8326609585704684,
    "values": [
      0.8204534705464713,
      0.820515141838485,
      0.8295282585102542,
      0.8085471801844213,
      0.8114494619124903,
      0.8233866976559423,
      0.8159753885455998,
      0.8279350103096403,
      0.8215086861051946,
      0.8088249204692725
    ]
  },
  "shock": {
    "mean": 0.7468516262921733,
    "std": 0.0053951799397934505,
    "ci_lo": 0.7362770736101781,
    "ci_hi": 0.7574261789741684,
    "values": [
      0.7445964583455359,
      0.7445582923616351,
      0.7404879691934174,
      0.7448178973106259,
      0.7449775003072159,
      0.738002793081152,
      0.7495385306234015,
      0.7538445200138277,
      0.7542469970357967,
      0.753445304649125
    ]
  },
  "composite": {
    "mean": 0.7690054381236109,
    "std": 0.004253809872084598,
    "ci_lo": 0.760667970774325,
    "ci_hi": 0.7773429054728968,
    "values": [
      0.7612579925866918,
      0.7626876152645765,
      0.7697194401097083,
      0.7725074733277315,
      0.7742970452255457,
      0.7646219576517491,
      0.7711380046633274,
      0.7713722368330114,
      0.7719358956171269,
      0.7705167199566405
    ]
  }
}